Changes made at Sat Aug  9 05:58:18 UTC 2025
Changes made at Thu Nov 20 14:06:27 UTC 2025
Changes made at Thu Nov 20 14:21:54 UTC 2025
Changes made at Thu Nov 20 16:28:30 UTC 2025
Changes made at Fri Nov 21 08:30:01 UTC 2025
Changes made at Fri Nov 21 10:22:27 UTC 2025
Changes made at Fri Nov 21 14:20:27 UTC 2025
Changes made at Fri Nov 21 16:26:36 UTC 2025
Changes made at Sat Nov 22 08:26:08 UTC 2025
Changes made at Sat Nov 22 10:20:07 UTC 2025
Changes made at Sat Nov 22 14:17:39 UTC 2025
Changes made at Sat Nov 22 16:24:18 UTC 2025
Changes made at Sun Nov 23 08:26:21 UTC 2025
Changes made at Sun Nov 23 10:20:01 UTC 2025
Changes made at Sun Nov 23 14:17:39 UTC 2025
Changes made at Sun Nov 23 16:24:21 UTC 2025
Changes made at Mon Nov 24 08:31:22 UTC 2025
Changes made at Mon Nov 24 10:25:06 UTC 2025
Changes made at Mon Nov 24 14:22:08 UTC 2025
Changes made at Mon Nov 24 16:24:37 UTC 2025
Changes made at Tue Nov 25 08:30:26 UTC 2025
Changes made at Tue Nov 25 10:26:00 UTC 2025
Changes made at Tue Nov 25 14:22:29 UTC 2025
Changes made at Tue Nov 25 16:30:00 UTC 2025
Changes made at Wed Nov 26 08:29:49 UTC 2025
Changes made at Wed Nov 26 10:25:00 UTC 2025
Changes made at Wed Nov 26 14:22:52 UTC 2025
Changes made at Wed Nov 26 16:28:37 UTC 2025
Changes made at Thu Nov 27 08:30:17 UTC 2025
Changes made at Thu Nov 27 10:24:44 UTC 2025
Changes made at Thu Nov 27 14:21:37 UTC 2025
Changes made at Thu Nov 27 16:27:07 UTC 2025
Changes made at Fri Nov 28 08:30:00 UTC 2025
Changes made at Fri Nov 28 10:24:21 UTC 2025
Changes made at Fri Nov 28 14:21:28 UTC 2025
Changes made at Fri Nov 28 16:27:13 UTC 2025
Changes made at Sat Nov 29 08:27:08 UTC 2025
Changes made at Sat Nov 29 10:20:37 UTC 2025
Changes made at Sat Nov 29 14:18:30 UTC 2025
Changes made at Sat Nov 29 16:25:15 UTC 2025
Changes made at Sun Nov 30 08:25:42 UTC 2025
Changes made at Sun Nov 30 10:20:27 UTC 2025
Changes made at Sun Nov 30 14:18:47 UTC 2025
Changes made at Sun Nov 30 16:25:15 UTC 2025
Changes made at Mon Dec  1 08:33:50 UTC 2025
Changes made at Mon Dec  1 10:26:27 UTC 2025
Changes made at Mon Dec  1 14:23:48 UTC 2025
Changes made at Mon Dec  1 16:30:38 UTC 2025
Changes made at Tue Dec  2 08:32:28 UTC 2025
Changes made at Tue Dec  2 10:25:30 UTC 2025
Changes made at Tue Dec  2 14:24:29 UTC 2025
Changes made at Tue Dec  2 16:31:27 UTC 2025
Changes made at Wed Dec  3 08:31:13 UTC 2025
Changes made at Wed Dec  3 10:26:32 UTC 2025
Changes made at Wed Dec  3 14:22:56 UTC 2025
Changes made at Wed Dec  3 16:31:32 UTC 2025
Changes made at Thu Dec  4 08:31:39 UTC 2025
Changes made at Thu Dec  4 10:26:30 UTC 2025
